{
	"type": "success",
	"data": [{
		"data_month": "2018-02",
		"car_count": 82921,
		"total_run_time": 28891491,
		"avg_run_time": 6190120.15519591,
		"total_stop_time": 113097049027,
		"total_work_time": 31679096479,
		"total_offline_time": 13127763146,
		"total_work_days": 1004986,
		"total_run_days": 647,
		"total_points": 1705663376,
		"total_can_points": 5909780955,
		"total_mileage": 383139530516,
		"avg_mileage": 4620536.782190277,
		"start_mileage": 100,
		"end_mileage": 609792745,
		"avg_velocity": 37.908250438374594,
		"total_charge_count": 0,
		"total_uncharge_count": 0,
		"total_charge_power": 0.0,
		"total_uncharge_power": 0.0,
		"total_fuel_consumption": 1.170933199E9,
		"avg_per_fuel_consumption": 551.5823831516868,
		"avg_per_fuel_consumption_filter": 36.86903519411625,
		"start_fuel": 0.5,
		"end_fuel": 1.032454528E9,
		"codes": "{\"GBT32960_MILEAGE_SOURCE\":\"GBT32960_MILEAGE\"}",
		"attendance_Rate": 43
	}, {
		"data_month": "2018-03",
		"car_count": 98468,
		"total_run_time": 31210465,
		"avg_run_time": 5979896.350723078,
		"total_stop_time": 144206480028,
		"total_work_time": 63537617965,
		"total_offline_time": 16963399035,
		"total_work_days": 2017739,
		"total_run_days": 678,
		"total_points": 3351753323,
		"total_can_points": 13034662709,
		"total_mileage": 778046831180,
		"avg_mileage": 7901519.591948654,
		"start_mileage": 230,
		"end_mileage": 1138560000,
		"avg_velocity": 37.88454542093183,
		"total_charge_count": 0,
		"total_uncharge_count": 0,
		"total_charge_power": 0.0,
		"total_uncharge_power": 0.0,
		"total_fuel_consumption": 2.7441699E8,
		"avg_per_fuel_consumption": 71.35530623445608,
		"avg_per_fuel_consumption_filter": 35.14920074333998,
		"start_fuel": 0.5,
		"end_fuel": 265564.0,
		"codes": "{\"GBT32960_MILEAGE_SOURCE\":\"GBT32960_MILEAGE\"}",
		"attendance_Rate": 66
	}, {
		"data_month": "2018-04",
		"car_count": 104557,
		"total_run_time": 33409724,
		"avg_run_time": 6323218.271698691,
		"total_stop_time": 147147670312,
		"total_work_time": 73498709973,
		"total_offline_time": 2732087560,
		"total_work_days": 2240693,
		"total_run_days": 708,
		"total_points": 3638471509,
		"total_can_points": 15642092196,
		"total_mileage": 856512682651,
		"avg_mileage": 8191825.345514887,
		"start_mileage": 100,
		"end_mileage": 1834947000,
		"avg_velocity": 37.022584478971964,
		"total_charge_count": 0,
		"total_uncharge_count": 0,
		"total_charge_power": 0.0,
		"total_uncharge_power": 0.0,
		"total_fuel_consumption": 2.995367455E8,
		"avg_per_fuel_consumption": 61.555954043357296,
		"avg_per_fuel_consumption_filter": 34.476935623815535,
		"start_fuel": 0.5,
		"end_fuel": 274313.5,
		"codes": "{\"GBT32960_MILEAGE_SOURCE\":\"GBT32960_MILEAGE\"}",
		"attendance_Rate": 71
	}, {
		"data_month": "2018-05",
		"car_count": 112044,
		"total_run_time": 35297370,
		"avg_run_time": 6605743.211408018,
		"total_stop_time": 160129934221,
		"total_work_time": 83222634506,
		"total_offline_time": 2487172050,
		"total_work_days": 2525528,
		"total_run_days": 737,
		"total_points": 4085425975,
		"total_can_points": 17517755622,
		"total_mileage": 938472999961,
		"avg_mileage": 8375932.668960408,
		"start_mileage": 100,
		"end_mileage": 1867567625,
		"avg_velocity": 37.17413555381138,
		"total_charge_count": 0,
		"total_uncharge_count": 0,
		"total_charge_power": 0.0,
		"total_uncharge_power": 0.0,
		"total_fuel_consumption": 3.20037087E8,
		"avg_per_fuel_consumption": 75.07679908015427,
		"avg_per_fuel_consumption_filter": 33.65398661659413,
		"start_fuel": 0.5,
		"end_fuel": 285813.0,
		"codes": "{\"GBT32960_MILEAGE_SOURCE\":\"GBT32960_MILEAGE\"}",
		"attendance_Rate": 73
	}, {
		"data_month": "2018-06",
		"car_count": 116991,
		"total_run_time": 37149840,
		"avg_run_time": 6986189.022480362,
		"total_stop_time": 167797117308,
		"total_work_time": 82523552203,
		"total_offline_time": 3116402932,
		"total_work_days": 2539368,
		"total_run_days": 762,
		"total_points": 4054956794,
		"total_can_points": 17391879162,
		"total_mileage": 916046550720,
		"avg_mileage": 7830060.010770059,
		"start_mileage": 100,
		"end_mileage": 909344375,
		"avg_velocity": 37.95546822023578,
		"total_charge_count": 0,
		"total_uncharge_count": 0,
		"total_charge_power": 0.0,
		"total_uncharge_power": 0.0,
		"total_fuel_consumption": 3.067807775E8,
		"avg_per_fuel_consumption": 67.54572287275542,
		"avg_per_fuel_consumption_filter": 33.294502888232934,
		"start_fuel": 0.5,
		"end_fuel": 297054.0,
		"codes": "{\"GBT32960_MILEAGE_SOURCE\":\"GBT32960_MILEAGE\"}",
		"attendance_Rate": 72
	}, {
		"data_month": "2018-07",
		"car_count": 121531,
		"total_run_time": 38967491,
		"avg_run_time": 7435048.504151205,
		"total_stop_time": 187132928991,
		"total_work_time": 91524764703,
		"total_offline_time": 2563581080,
		"total_work_days": 2754751,
		"total_run_days": 792,
		"total_points": 4423826152,
		"total_can_points": 19244410556,
		"total_mileage": 973974702445,
		"avg_mileage": 8014207.917691782,
		"start_mileage": 1000,
		"end_mileage": 1909137400,
		"avg_velocity": 35.00620921301433,
		"total_charge_count": 0,
		"total_uncharge_count": 0,
		"total_charge_power": 0.0,
		"total_uncharge_power": 0.0,
		"total_fuel_consumption": 3.252034245E8,
		"avg_per_fuel_consumption": 74.94770014173676,
		"avg_per_fuel_consumption_filter": 33.39484698799654,
		"start_fuel": 0.5,
		"end_fuel": 306721.0,
		"codes": "{\"GBT32960_MILEAGE_SOURCE\":\"GBT32960_MILEAGE\"}",
		"attendance_Rate": 73
	}, {
		"data_month": "2018-08",
		"car_count": 126888,
		"total_run_time": 40901800,
		"avg_run_time": 7856653.954920875,
		"total_stop_time": 193728774931,
		"total_work_time": 96751288944,
		"total_offline_time": 2867066424,
		"total_work_days": 2922106,
		"total_run_days": 820,
		"total_points": 4726284272,
		"total_can_points": 20370576528,
		"total_mileage": 1038111407175,
		"avg_mileage": 8181320.591190657,
		"start_mileage": 1000,
		"end_mileage": 1895825400,
		"avg_velocity": 37.249436663873645,
		"total_charge_count": 0,
		"total_uncharge_count": 0,
		"total_charge_power": 0.0,
		"total_uncharge_power": 0.0,
		"total_fuel_consumption": 3.417797255E8,
		"avg_per_fuel_consumption": 65.83399642035229,
		"avg_per_fuel_consumption_filter": 32.80066851572559,
		"start_fuel": 0.5,
		"end_fuel": 317627.0,
		"codes": "{\"GBT32960_MILEAGE_SOURCE\":\"GBT32960_MILEAGE\"}",
		"attendance_Rate": 74
	}, {
		"data_month": "2018-09",
		"car_count": 133545,
		"total_run_time": 42560815,
		"avg_run_time": 8145208.484892732,
		"total_stop_time": 211869534549,
		"total_work_time": 94062413389,
		"total_offline_time": 4169510041,
		"total_work_days": 3037951,
		"total_run_days": 825,
		"total_points": 4810444436,
		"total_can_points": 20604508592,
		"total_mileage": 1089587733085,
		"avg_mileage": 8158955.656033547,
		"start_mileage": 200,
		"end_mileage": 1999765500,
		"avg_velocity": 38.19785820434942,
		"total_charge_count": 0,
		"total_uncharge_count": 0,
		"total_charge_power": 0.0,
		"total_uncharge_power": 0.0,
		"total_fuel_consumption": 3.523309255E8,
		"avg_per_fuel_consumption": 51.37489775328015,
		"avg_per_fuel_consumption_filter": 31.79442788860917,
		"start_fuel": 0.5,
		"end_fuel": 327700.5,
		"codes": "{\"GBT32960_MILEAGE_SOURCE\":\"GBT32960_MILEAGE\"}",
		"attendance_Rate": 76
	}, {
		"data_month": "2018-10",
		"car_count": 138354,
		"total_run_time": 44600137,
		"avg_run_time": 8525167.979668098,
		"total_stop_time": 231208690963,
		"total_work_time": 95812228427,
		"total_offline_time": 9866429012,
		"total_work_days": 3241639,
		"total_run_days": 832,
		"total_points": 5025531638,
		"total_can_points": 21334298377,
		"total_mileage": 1148907821003,
		"avg_mileage": 8304117.127101493,
		"start_mileage": 1000,
		"end_mileage": 1895825400,
		"avg_velocity": 39.88803067700961,
		"total_charge_count": 0,
		"total_uncharge_count": 0,
		"total_charge_power": 0.0,
		"total_uncharge_power": 0.0,
		"total_fuel_consumption": 3.748061955E8,
		"avg_per_fuel_consumption": 57.52519513860205,